id,title,type,genres,averageRating,numVotes,releaseYear,idjw,NbDiff,ClassifImdb,Diffuseur,SVOD,ClassificationSVOD,CodePays
tt0068646,The Godfather,movie,"Crime, Drama",9.2,2125282.0,1972.0,tm155580,3.0,12::(new rating),https://tv.apple.com/fr/movie/le-parrain/umc.cmc.3ew9fykdnpfaq9t2jq5da011c?at=1000l3V2&ct=app_tv&itscg=30200&itsct=justwatch_tv_12&playableId=tvs.sbd.9001%3A364918770,AppleTV+,-12,'us'
tt0068646,The Godfather,movie,"Crime, Drama",9.2,2125282.0,1972.0,tm155580,3.0,12::(new rating),https://app.primevideo.com/detail?gti=amzn1.dv.gti.64a9f786-efb1-28d3-bf27-6038d12cc53a,Prime Video,16+,'us'
tt0071562,The Godfather Part II,movie,"Crime, Drama",9.0,1429484.0,1974.0,tm112061,3.0,tous publics avec avertissement::(new rating),https://tv.apple.com/fr/movie/le-parrain-2/umc.cmc.3jyv977h8msmkkuz4r1u29lel?at=1000l3V2&ct=app_tv&itscg=30200&itsct=justwatch_tv_12&playableId=tvs.sbd.9001%3A365266690,AppleTV+,-12,'us'
tt0071562,The Godfather Part II,movie,"Crime, Drama",9.0,1429484.0,1974.0,tm112061,3.0,tous publics avec avertissement::(new rating),https://app.primevideo.com/detail?gti=amzn1.dv.gti.c4a9f6db-167c-7b3a-b6cc-870ac83848d3,Prime Video,13+,'us'
tt0268978,A Beautiful Mind,movie,"Biography, Drama, Mystery",8.2,1022195.0,2001.0,tm46003,3.0,tous publics,https://app.primevideo.com/detail?gti=amzn1.dv.gti.4f4eb103-4b34-4d31-9d46-23c43caeea06,Prime Video,13+,'us'
tt0268978,A Beautiful Mind,movie,"Biography, Drama, Mystery",8.2,1022195.0,2001.0,tm46003,3.0,tous publics,https://tv.apple.com/fr/movie/un-homme-dexception/umc.cmc.2iqk0c0jh9ocfk2jtv2yda0k1?at=1000l3V2&ct=app_tv&itscg=30200&itsct=justwatch_tv_12&playableId=tvs.sbd.9001%3A566869132,AppleTV+,Tout public,'us'
tt1010048,Slumdog Millionaire,movie,"Crime, Drama, Romance",8.0,895153.0,2008.0,tm54060,5.0,tous publics,https://tv.apple.com/fr/movie/slumdog-millionaire/umc.cmc.4z31qtliob8zcfmkqbuf3aka1?at=1000l3V2&ct=app_tv&itscg=30200&itsct=justwatch_tv_12&playableId=tvs.sbd.9001%3A384592895,AppleTV+,Tout public,"'gb', 'fr', 'us', 'in'"
tt1010048,Slumdog Millionaire,movie,"Crime, Drama, Romance",8.0,895153.0,2008.0,tm54060,5.0,tous publics,https://app.primevideo.com/detail?gti=amzn1.dv.gti.bea9f74a-58fe-9921-3f22-f0a13b1f2cc6,Prime Video,13+,"'gb', 'fr', 'us', 'in'"
tt1045658,Silver Linings Playbook,movie,"Comedy, Drama, Romance",7.7,759577.0,2012.0,tm59428,4.0,tous publics,https://app.primevideo.com/detail?gti=amzn1.dv.gti.97be48c9-ed96-4c2c-9450-b1f0b7ee3c5e,Prime Video,18+,'us'
tt1045658,Silver Linings Playbook,movie,"Comedy, Drama, Romance",7.7,759577.0,2012.0,tm59428,4.0,tous publics,https://app.primevideo.com/detail?gti=amzn1.dv.gti.f8fd013d-b658-4426-93fe-940b1e20cb97,Prime Video,16+,'us'
tt1045658,Silver Linings Playbook,movie,"Comedy, Drama, Romance",7.7,759577.0,2012.0,tm59428,4.0,tous publics,https://tv.apple.com/fr/movie/happiness-therapy/umc.cmc.oilatjsell3m04qlizl86xn0?at=1000l3V2&ct=app_tv&itscg=30200&itsct=justwatch_tv_12&playableId=tvs.sbd.9001%3A641191705,AppleTV+,Tout public,'us'
tt0816711,World War Z,movie,"Action, Adventure, Horror",7.0,752752.0,2013.0,tm179734,4.0,12,https://app.primevideo.com/detail?gti=amzn1.dv.gti.26a9f6b4-4cf6-7580-6b57-2fafcf968422,Prime Video,16+,"'us', 'gb'"
tt0816711,World War Z,movie,"Action, Adventure, Horror",7.0,752752.0,2013.0,tm179734,4.0,12,https://tv.apple.com/fr/movie/world-war-z/umc.cmc.3b34fljrenragz6yy22lpsn3j?at=1000l3V2&ct=app_tv&itscg=30200&itsct=justwatch_tv_12&playableId=tvs.sbd.9001%3A688781884,AppleTV+,-12,"'us', 'gb'"
tt0418279,Transformers,movie,"Action, Adventure, Sci-Fi",7.1,697207.0,2007.0,tm74317,4.0,tous publics,https://tv.apple.com/fr/movie/transformers/umc.cmc.3fcj93vxd6o4wdku85sawi7in?at=1000l3V2&ct=app_tv&itscg=30200&itsct=justwatch_tv_12&playableId=tvs.sbd.9001%3A367781129,AppleTV+,Tout public,'us'
tt0418279,Transformers,movie,"Action, Adventure, Sci-Fi",7.1,697207.0,2007.0,tm74317,4.0,tous publics,https://app.primevideo.com/detail?gti=amzn1.dv.gti.8583e7dc-16a9-4c65-b683-041145c6fc21,Prime Video,13+,'us'
tt0469494,There Will Be Blood,movie,Drama,8.2,671210.0,2007.0,tm76553,3.0,tous publics avec avertissement,https://app.primevideo.com/detail?gti=amzn1.dv.gti.5cca823d-3ea4-4e0b-b185-9122bd3368ed,Prime Video,16+,'us'
tt0469494,There Will Be Blood,movie,Drama,8.2,671210.0,2007.0,tm76553,3.0,tous publics avec avertissement,https://tv.apple.com/fr/movie/there-will-be-blood/umc.cmc.45s5e33zqu277lcdym5taili?at=1000l3V2&ct=app_tv&itscg=30200&itsct=justwatch_tv_12&playableId=tvs.sbd.9001%3A1531231279,AppleTV+,-16,'us'
tt0162222,Cast Away,movie,"Adventure, Drama, Romance",7.8,665933.0,2000.0,tm21856,4.0,tous publics,https://tv.apple.com/fr/movie/seul-au-monde/umc.cmc.7jabi7xh59t0a4ldxgplcdxxi?at=1000l3V2&ct=app_tv&itscg=30200&itsct=justwatch_tv_12&playableId=tvs.sbd.9001%3A345881964,AppleTV+,Tout public,'us'
tt0162222,Cast Away,movie,"Adventure, Drama, Romance",7.8,665933.0,2000.0,tm21856,4.0,tous publics,https://app.primevideo.com/detail?gti=amzn1.dv.gti.aeda316f-849d-4737-a6b3-81704fb3d903,Prime Video,13+,'us'
tt0796366,Star Trek,movie,"Action, Adventure, Sci-Fi",7.9,629634.0,2009.0,tm132448,3.0,tous publics,https://tv.apple.com/fr/movie/star-trek/umc.cmc.1qfm0vxptnl42u4jclqwbtxt9?at=1000l3V2&ct=app_tv&itscg=30200&itsct=justwatch_tv_12&playableId=tvs.sbd.9001%3A364196367,AppleTV+,Tout public,"'us', 'de'"
tt0796366,Star Trek,movie,"Action, Adventure, Sci-Fi",7.9,629634.0,2009.0,tm132448,3.0,tous publics,https://app.primevideo.com/detail?gti=amzn1.dv.gti.5cab851d-75a4-bc22-03ef-3cef833b0331,Prime Video,13+,"'us', 'de'"
tt6644200,A Quiet Place,movie,"Drama, Horror, Sci-Fi",7.5,629153.0,2018.0,tm312979,3.0,12,https://tv.apple.com/fr/movie/sans-un-bruit/umc.cmc.ap2bw42zd8wnv3ul2uzvtsmt?at=1000l3V2&ct=app_tv&itscg=30200&itsct=justwatch_tv_12&playableId=tvs.sbd.9001%3A1357309202,AppleTV+,-12,'us'
tt6644200,A Quiet Place,movie,"Drama, Horror, Sci-Fi",7.5,629153.0,2018.0,tm312979,3.0,12,https://app.primevideo.com/detail?gti=amzn1.dv.gti.98b427d5-d2be-4310-3e1f-08489baa842a,Prime Video,13+,'us'
tt0181689,Minority Report,movie,"Action, Crime, Mystery",7.6,602597.0,2002.0,tm113842,4.0,tous publics avec avertissement,https://app.primevideo.com/detail?gti=amzn1.dv.gti.84fb2e17-7778-48b2-8b92-b4ba22ea27c5,Prime Video,13+,'us'
tt0181689,Minority Report,movie,"Action, Crime, Mystery",7.6,602597.0,2002.0,tm113842,4.0,tous publics avec avertissement,https://tv.apple.com/fr/movie/minority-report/umc.cmc.4e8pvt0eezl2rnq71x4nx3atn?at=1000l3V2&ct=app_tv&itscg=30200&itsct=justwatch_tv_12&playableId=tvs.sbd.9001%3A356880540,AppleTV+,Tout public,'us'
tt1229238,Mission: Impossible - Ghost Protocol,movie,"Action, Adventure, Thriller",7.4,543953.0,2011.0,tm166978,3.0,tous publics,https://tv.apple.com/fr/movie/mission-impossible---protocole-fantome/umc.cmc.336hwrshso6quvexif20889lu?at=1000l3V2&ct=app_tv&itscg=30200&itsct=justwatch_tv_12&playableId=tvs.sbd.9001%3A506479383,AppleTV+,-12,"'us', 'ae', 'ru', 'ca', 'cz', 'in'"
tt1229238,Mission: Impossible - Ghost Protocol,movie,"Action, Adventure, Thriller",7.4,543953.0,2011.0,tm166978,3.0,tous publics,https://app.primevideo.com/detail?gti=amzn1.dv.gti.62a9f6c5-31f7-f8f8-0cd6-06ed29621c2d,Prime Video,16+,"'us', 'ae', 'ru', 'ca', 'cz', 'in'"
tt0092099,Top Gun,movie,"Action, Drama",7.0,528271.0,1986.0,tm1217553,3.0,tous publics,https://tv.apple.com/fr/movie/top-gun/umc.cmc.1w0a2d5hpuxqksy2uvvhkrc42?at=1000l3V2&ct=app_tv&itscg=30200&itsct=justwatch_tv_12&playableId=tvs.sbd.9001%3A651376673,AppleTV+,Tout public,'us'
tt0092099,Top Gun,movie,"Action, Drama",7.0,528271.0,1986.0,tm1217553,3.0,tous publics,https://app.primevideo.com/detail?gti=amzn1.dv.gti.e0a63345-8bb2-4cc7-8e0a-fb6a43449bc8,Prime Video,16+,'us'
tt0362227,The Terminal,movie,"Comedy, Drama, Romance",7.4,514115.0,2004.0,tm89677,4.0,tous publics,https://app.primevideo.com/detail?gti=amzn1.dv.gti.5b1a94de-a976-41b4-b56f-293b7b317286,Prime Video,13+,'us'
tt0362227,The Terminal,movie,"Comedy, Drama, Romance",7.4,514115.0,2004.0,tm89677,4.0,tous publics,https://tv.apple.com/fr/movie/le-terminal/umc.cmc.74qex7fch90ezp80o95nujxme?at=1000l3V2&ct=app_tv&itscg=30200&itsct=justwatch_tv_12&playableId=tvs.sbd.9001%3A419853163,AppleTV+,Tout public,'us'
tt1408101,Star Trek Into Darkness,movie,"Action, Adventure, Sci-Fi",7.7,504099.0,2013.0,tm188442,3.0,tous publics,https://tv.apple.com/fr/movie/star-trek-into-darkness/umc.cmc.4rkplfpq4y0zbyxr3xolm5kvf?at=1000l3V2&ct=app_tv&itscg=30200&itsct=justwatch_tv_12&playableId=tvs.sbd.9001%3A648827660,AppleTV+,Tout public,'us'
tt1408101,Star Trek Into Darkness,movie,"Action, Adventure, Sci-Fi",7.7,504099.0,2013.0,tm188442,3.0,tous publics,https://app.primevideo.com/detail?gti=amzn1.dv.gti.b0a9f6b3-7462-76d2-d889-3fb4ba1d685b,Prime Video,16+,'us'
tt0117060,Mission: Impossible,movie,"Action, Adventure, Thriller",7.2,490252.0,1996.0,tm107744,3.0,tous publics,https://tv.apple.com/fr/movie/mission-impossible/umc.cmc.4kidmvtsswrmh1bro4whi72o3?at=1000l3V2&ct=app_tv&itscg=30200&itsct=justwatch_tv_12&playableId=tvs.sbd.9001%3A421788279,AppleTV+,-10,'us'
tt0117060,Mission: Impossible,movie,"Action, Adventure, Thriller",7.2,490252.0,1996.0,tm107744,3.0,tous publics,https://app.primevideo.com/detail?gti=amzn1.dv.gti.dea9f752-154a-b9a5-f010-2fe81985ea2a,Prime Video,7+,'us'
tt0377092,Mean Girls,movie,Comedy,7.1,461767.0,2004.0,tm91952,6.0,tous publics,https://app.primevideo.com/detail?gti=amzn1.dv.gti.6c8a37b1-7295-4df6-a100-886bdab188e5,Prime Video,TOUS PUBLICS,"'us', 'ca'"
tt0377092,Mean Girls,movie,Comedy,7.1,461767.0,2004.0,tm91952,6.0,tous publics,https://app.primevideo.com/detail?gti=amzn1.dv.gti.42a9f6ce-e845-a1ac-c9ec-94e484886edb,Prime Video,18+,"'us', 'ca'"
tt0377092,Mean Girls,movie,Comedy,7.1,461767.0,2004.0,tm91952,6.0,tous publics,https://tv.apple.com/fr/movie/lolita-malgre-moi/umc.cmc.1jd9t7iyrhdoyso79puncvc1i?at=1000l3V2&ct=app_tv&itscg=30200&itsct=justwatch_tv_12&playableId=tvs.sbd.9001%3A371430067,AppleTV+,Tout public,"'us', 'ca'"
tt0119174,The Game,movie,"Drama, Mystery, Thriller",7.7,452845.0,1997.0,tm193015,3.0,tous publics,https://app.primevideo.com/detail?gti=amzn1.dv.gti.59b58cda-0ded-46f6-b48d-33117e2b3bcd,Prime Video,TOUS PUBLICS,'us'
tt0119174,The Game,movie,"Drama, Mystery, Thriller",7.7,452845.0,1997.0,tm193015,3.0,tous publics,https://tv.apple.com/fr/movie/the-game/umc.cmc.4qsoncn3e1vwwz692g01rqw5d?at=1000l3V2&ct=app_tv&itscg=30200&itsct=justwatch_tv_12&playableId=tvs.sbd.9001%3A697723425,AppleTV+,Tout public,'us'
tt1399103,Transformers: Dark of the Moon,movie,"Action, Adventure, Sci-Fi",6.2,444354.0,2011.0,tm184015,3.0,tous publics,https://app.primevideo.com/detail?gti=amzn1.dv.gti.4bb8af68-d0d6-41f9-a9b8-72c93642cbc4,Prime Video,TOUS PUBLICS,"'us', 'hk', 'kh', 'gb'"
tt1399103,Transformers: Dark of the Moon,movie,"Action, Adventure, Sci-Fi",6.2,444354.0,2011.0,tm184015,3.0,tous publics,https://tv.apple.com/fr/movie/transformers-3--la-face-cachee-de-la-lune/umc.cmc.5e3z28k0wx8kthg3youf4ky3e?at=1000l3V2&ct=app_tv&itscg=30200&itsct=justwatch_tv_12&playableId=tvs.sbd.9001%3A462988112,AppleTV+,Tout public,"'us', 'hk', 'kh', 'gb'"
tt1055369,Transformers: Revenge of the Fallen,movie,"Action, Adventure, Sci-Fi",6.0,441836.0,2009.0,tm138894,4.0,tous publics,https://app.primevideo.com/detail?gti=amzn1.dv.gti.c8a9f695-1d42-08dd-31fa-2bb7154629b2,Prime Video,13+,"'us', 'jo', 'gb'"
tt1055369,Transformers: Revenge of the Fallen,movie,"Action, Adventure, Sci-Fi",6.0,441836.0,2009.0,tm138894,4.0,tous publics,https://tv.apple.com/fr/movie/transformers-2---la-revanche/umc.cmc.1uzlcfsbzc8dttw7bakkrr7p0?at=1000l3V2&ct=app_tv&itscg=30200&itsct=justwatch_tv_12&playableId=tvs.sbd.9001%3A367785541,AppleTV+,Tout public,"'us', 'jo', 'gb'"
tt0099674,The Godfather Part III,movie,"Crime, Drama",7.6,439634.0,1990.0,tm1522993,3.0,tous publics,https://tv.apple.com/fr/movie/le-parrain-de-mario-puzo-epilogue--la-mort-de-michael-corleone/umc.cmc.3swfmkx3564nbwvr39sxnqs2k?at=1000l3V2&ct=app_tv&itscg=30200&itsct=justwatch_tv_12&playableId=tvs.sbd.9001%3A1535784478,AppleTV+,-16,'us'
tt0099674,The Godfather Part III,movie,"Crime, Drama",7.6,439634.0,1990.0,tm1522993,3.0,tous publics,https://app.primevideo.com/detail?gti=amzn1.dv.gti.db1f5889-ebbd-4c51-a0ef-f76c615ee148,Prime Video,16+,'us'
tt1060277,Cloverfield,movie,"Action, Horror, Sci-Fi",7.0,433691.0,2008.0,tm36606,3.0,tous publics avec avertissement,https://app.primevideo.com/detail?gti=amzn1.dv.gti.a0a9f662-f0ad-35a2-7dea-33d323d36a4c,Prime Video,16+,'us'
tt1060277,Cloverfield,movie,"Action, Horror, Sci-Fi",7.0,433691.0,2008.0,tm36606,3.0,tous publics avec avertissement,https://tv.apple.com/fr/movie/cloverfield/umc.cmc.1h94gl07ex7pstvhtemjc4yyj?at=1000l3V2&ct=app_tv&itscg=30200&itsct=justwatch_tv_12&playableId=tvs.sbd.9001%3A365705448,AppleTV+,Tout public,'us'
tt2381249,Mission: Impossible - Rogue Nation,movie,"Action, Adventure, Thriller",7.4,425638.0,2015.0,tm137836,3.0,tous publics,https://app.primevideo.com/detail?gti=amzn1.dv.gti.84a9f7a2-5963-6195-7ea9-c7af4721886b,Prime Video,13+,"'us', 'cn', 'gb', 'at', 'ma', 'hk'"
tt2381249,Mission: Impossible - Rogue Nation,movie,"Action, Adventure, Thriller",7.4,425638.0,2015.0,tm137836,3.0,tous publics,https://tv.apple.com/fr/movie/mission-impossible---rogue-nation/umc.cmc.5v3hpkm4ni9b2mf4585utgmjg?at=1000l3V2&ct=app_tv&itscg=30200&itsct=justwatch_tv_12&playableId=tvs.sbd.9001%3A1015166209,AppleTV+,Tout public,"'us', 'cn', 'gb', 'at', 'ma', 'hk'"
tt1542344,127 Hours,movie,"Biography, Drama",7.5,413973.0,2010.0,tm102558,4.0,tous publics avec avertissement,https://app.primevideo.com/detail?gti=amzn1.dv.gti.b6b6c178-cc6d-f307-131f-93e620d7f98f,Prime Video,16+,"'gb', 'us', 'fr'"
tt1542344,127 Hours,movie,"Biography, Drama",7.5,413973.0,2010.0,tm102558,4.0,tous publics avec avertissement,https://tv.apple.com/fr/movie/127-heures/umc.cmc.5lcdn7u2u92169mx1qywuat6y?at=1000l3V2&ct=app_tv&itscg=30200&itsct=justwatch_tv_12&playableId=tvs.sbd.9001%3A444777218,AppleTV+,Tout public,"'gb', 'us', 'fr'"
tt0317919,Mission: Impossible III,movie,"Action, Adventure, Thriller",6.9,405108.0,2006.0,tm22457,3.0,tous publics,https://app.primevideo.com/detail?gti=amzn1.dv.gti.94a9f7bf-275f-19e6-0e88-10ef3b5b9233,Prime Video,13+,"'us', 'de', 'cn', 'it'"
tt0317919,Mission: Impossible III,movie,"Action, Adventure, Thriller",6.9,405108.0,2006.0,tm22457,3.0,tous publics,https://tv.apple.com/fr/movie/mission--impossible-3/umc.cmc.2jk0vqghk9qf6oh1hbbya5lby?at=1000l3V2&ct=app_tv&itscg=30200&itsct=justwatch_tv_12&playableId=tvs.sbd.9001%3A538422993,AppleTV+,-10,"'us', 'de', 'cn', 'it'"
tt0091042,Ferris Bueller's Day Off,movie,Comedy,7.8,402614.0,1986.0,tm116000,3.0,tous publics,https://tv.apple.com/fr/movie/la-folle-journee-de-ferris-bueller/umc.cmc.3ri2g44lv8rk6k16zpdein5x7?at=1000l3V2&ct=app_tv&itscg=30200&itsct=justwatch_tv_12&playableId=tvs.sbd.9001%3A285663978,AppleTV+,Tout public,'us'
tt0091042,Ferris Bueller's Day Off,movie,Comedy,7.8,402614.0,1986.0,tm116000,3.0,tous publics,https://app.primevideo.com/detail?gti=amzn1.dv.gti.6ab94ad3-d867-852c-c77b-11aaf59a533c,Prime Video,16+,'us'
tt4912910,Mission: Impossible - Fallout,movie,"Action, Adventure, Thriller",7.7,395642.0,2018.0,tm218937,3.0,tous publics,https://tv.apple.com/fr/movie/mission-impossible---fallout/umc.cmc.3drwjm4wydrpzfnzloeytmh8j?at=1000l3V2&ct=app_tv&itscg=30200&itsct=justwatch_tv_12&playableId=tvs.sbd.9001%3A1406587385,AppleTV+,-12,"'us', 'cn', 'fr', 'no'"
tt4912910,Mission: Impossible - Fallout,movie,"Action, Adventure, Thriller",7.7,395642.0,2018.0,tm218937,3.0,tous publics,https://app.primevideo.com/detail?gti=amzn1.dv.gti.fabbdac2-fec8-b2f7-067e-944b1744d169,Prime Video,16+,"'us', 'cn', 'fr', 'no'"
tt0120755,Mission: Impossible II,movie,"Action, Adventure, Thriller",6.1,392776.0,2000.0,tm27395,3.0,tous publics,https://tv.apple.com/fr/movie/mission--impossible-2/umc.cmc.32c3e4yw4yx9vxy4w0qg9gjce?at=1000l3V2&ct=app_tv&itscg=30200&itsct=justwatch_tv_12&playableId=tvs.sbd.9001%3A537108057,AppleTV+,-12,"'us', 'de', 'au'"
tt0120755,Mission: Impossible II,movie,"Action, Adventure, Thriller",6.1,392776.0,2000.0,tm27395,3.0,tous publics,https://app.primevideo.com/detail?gti=amzn1.dv.gti.22aec5e5-58bb-ed8d-567f-121443d0dfb9,Prime Video,16+,"'us', 'de', 'au'"
tt0357413,Anchorman: The Legend of Ron Burgundy,movie,Comedy,7.1,390611.0,2004.0,tm80906,3.0,tous publics,https://app.primevideo.com/detail?gti=amzn1.dv.gti.23eef14f-6786-487e-a963-798a79c4feb0,Prime Video,13+,'us'
tt0357413,Anchorman: The Legend of Ron Burgundy,movie,Comedy,7.1,390611.0,2004.0,tm80906,3.0,tous publics,https://tv.apple.com/fr/movie/presentateur-vedette-la-legende-de-ron-burgundy/umc.cmc.38gup8z7ry56rjuknjvb20zi1?at=1000l3V2&ct=app_tv&itscg=30200&itsct=justwatch_tv_12&playableId=tvs.sbd.9001%3A370281780,AppleTV+,Tout public,'us'
tt0298130,The Ring,movie,"Horror, Mystery",7.1,389645.0,2002.0,tm109304,3.0,12,https://app.primevideo.com/detail?gti=amzn1.dv.gti.68a9f66b-e5a0-e768-3260-d83520ced135,Prime Video,16+,"'us', 'jp'"
tt0298130,The Ring,movie,"Horror, Mystery",7.1,389645.0,2002.0,tm109304,3.0,12,https://tv.apple.com/fr/movie/le-cercle/umc.cmc.2ksr5tpy9g97n8d3ohyqog9o5?at=1000l3V2&ct=app_tv&itscg=30200&itsct=justwatch_tv_12&playableId=tvs.sbd.9001%3A295256274,AppleTV+,-12,"'us', 'jp'"
tt0790724,Jack Reacher,movie,"Action, Thriller",7.0,379349.0,2012.0,tm53381,3.0,tous publics avec avertissement,https://tv.apple.com/fr/movie/jack-reacher/umc.cmc.5d0vfp9t17d1sp1vd6qkth6j9?at=1000l3V2&ct=app_tv&itscg=30200&itsct=justwatch_tv_12&playableId=tvs.sbd.9001%3A621961104,AppleTV+,Tout public,'us'
tt0790724,Jack Reacher,movie,"Action, Thriller",7.0,379349.0,2012.0,tm53381,3.0,tous publics avec avertissement,https://app.primevideo.com/detail?gti=amzn1.dv.gti.a8a9f685-a8ed-58fd-14b8-842fbc3e5945,Prime Video,13+,'us'
tt0212338,Meet the Parents,movie,"Comedy, Romance",7.0,368176.0,2000.0,tm18856,4.0,tous publics,https://tv.apple.com/fr/movie/mon-beau-pere-et-moi/umc.cmc.18redm9u408s7rze0g4ws7er1?at=1000l3V2&ct=app_tv&itscg=30200&itsct=justwatch_tv_12&playableId=tvs.sbd.9001%3A419235152,AppleTV+,Tout public,'us'
tt0212338,Meet the Parents,movie,"Comedy, Romance",7.0,368176.0,2000.0,tm18856,4.0,tous publics,https://app.primevideo.com/detail?gti=amzn1.dv.gti.ab68ef48-8717-44af-9446-60d6cb98e7a8,Prime Video,13+,'us'
tt1403865,True Grit,movie,"Drama, Western",7.6,367111.0,2010.0,tm90190,3.0,tous publics,https://tv.apple.com/fr/movie/true-grit/umc.cmc.6iofty74h5w8up7de2ei59kk7?at=1000l3V2&ct=app_tv&itscg=30200&itsct=justwatch_tv_12&playableId=tvs.sbd.9001%3A419788825,AppleTV+,Tout public,'us'
tt1403865,True Grit,movie,"Drama, Western",7.6,367111.0,2010.0,tm90190,3.0,tous publics,https://app.primevideo.com/detail?gti=amzn1.dv.gti.20a9f695-1936-4070-78d8-110f90058672,Prime Video,16+,'us'
tt0822854,Shooter,movie,"Action, Drama, Thriller",7.2,366637.0,2007.0,tm84371,4.0,tous publics,https://tv.apple.com/fr/movie/shooter--tireur-delite/umc.cmc.3b8mlv2mi7q4wvze1sdl0osrc?at=1000l3V2&ct=app_tv&itscg=30200&itsct=justwatch_tv_12&playableId=tvs.sbd.9001%3A364973667,AppleTV+,Tout public,'us'
tt0822854,Shooter,movie,"Action, Drama, Thriller",7.2,366637.0,2007.0,tm84371,4.0,tous publics,https://app.primevideo.com/detail?gti=amzn1.dv.gti.b6abfc06-c80a-f949-e77e-9d30250be3fa,Prime Video,18+,'us'
tt0071315,Chinatown,movie,"Drama, Mystery, Thriller",8.1,365023.0,1974.0,tm109939,3.0,12,https://tv.apple.com/fr/movie/chinatown/umc.cmc.2fu6smvsot08y0ebs5gatspfb?at=1000l3V2&ct=app_tv&itscg=30200&itsct=justwatch_tv_12&playableId=tvs.sbd.9001%3A208600546,AppleTV+,-12,'us'
tt0071315,Chinatown,movie,"Drama, Mystery, Thriller",8.1,365023.0,1974.0,tm109939,3.0,12,https://app.primevideo.com/detail?gti=amzn1.dv.gti.40a9f66e-1a49-ce7a-47e7-2b9db94ff87d,Prime Video,18+,'us'
tt0116367,From Dusk Till Dawn,movie,"Action, Crime, Horror",7.2,355638.0,1996.0,tm107359,3.0,16,https://tv.apple.com/fr/movie/une-nuit-en-enfer/umc.cmc.5t05zrr6qysu6g0t7cf045oej?at=1000l3V2&ct=app_tv&itscg=30200&itsct=justwatch_tv_12&playableId=tvs.sbd.9001%3A1540163121,AppleTV+,-16,"'us', 'mx'"
tt0116367,From Dusk Till Dawn,movie,"Action, Crime, Horror",7.2,355638.0,1996.0,tm107359,3.0,16,https://app.primevideo.com/detail?gti=amzn1.dv.gti.5ea9f6c2-fc61-3e77-5523-faf6556e41bb,Prime Video,18+,"'us', 'mx'"
tt0414387,Pride & Prejudice,movie,"Drama, Romance",7.8,354010.0,2005.0,tm173412,4.0,tous publics,https://app.primevideo.com/detail?gti=amzn1.dv.gti.18054696-0b1f-46c6-8904-5d66bb93f9d7,Prime Video,13+,"'gb', 'fr', 'us'"
tt0414387,Pride & Prejudice,movie,"Drama, Romance",7.8,354010.0,2005.0,tm173412,4.0,tous publics,https://tv.apple.com/fr/movie/orgueil-et-prejuges/umc.cmc.2recf8dyiecffam3er4u8a2mh?at=1000l3V2&ct=app_tv&itscg=30200&itsct=justwatch_tv_12&playableId=tvs.sbd.9001%3A369713586,AppleTV+,Tout public,"'gb', 'fr', 'us'"
tt1645170,The Dictator,movie,Comedy,6.5,350900.0,2012.0,tm67583,3.0,tous publics,https://app.primevideo.com/detail?gti=amzn1.dv.gti.e2a9f69d-9a2b-ac44-e0e1-4debd6e81a55,Prime Video,18+,'us'
tt1645170,The Dictator,movie,Comedy,6.5,350900.0,2012.0,tm67583,3.0,tous publics,https://tv.apple.com/fr/movie/the-dictator/umc.cmc.1y5vtrb6ubf0xuled9mygu7qs?at=1000l3V2&ct=app_tv&itscg=30200&itsct=justwatch_tv_12&playableId=tvs.sbd.9001%3A548380172,AppleTV+,Tout public,'us'
tt0332379,School of Rock,movie,"Comedy, Music",7.2,345387.0,2003.0,tm129774,3.0,tous publics,https://tv.apple.com/fr/movie/rock-academy/umc.cmc.im6cmmj5czmu1lrpj820whud?at=1000l3V2&ct=app_tv&itscg=30200&itsct=justwatch_tv_12&playableId=tvs.sbd.9001%3A370525884,AppleTV+,Tout public,"'us', 'de'"
tt0332379,School of Rock,movie,"Comedy, Music",7.2,345387.0,2003.0,tm129774,3.0,tous publics,https://app.primevideo.com/detail?gti=amzn1.dv.gti.e6abf43a-eb9d-39a5-dff1-d07ccecadd51,Prime Video,7+,"'us', 'de'"
tt0094226,The Untouchables,movie,"Crime, Drama, Thriller",7.8,343473.0,1987.0,tm23389,4.0,tous publics,https://app.primevideo.com/detail?gti=amzn1.dv.gti.94a9f6b1-a7dc-f284-0114-1d7aa05a26c8,Prime Video,16+,'us'
tt0094226,The Untouchables,movie,"Crime, Drama, Thriller",7.8,343473.0,1987.0,tm23389,4.0,tous publics,https://tv.apple.com/fr/movie/les-incorruptibles/umc.cmc.6jtc5m0t2ltm9mjc8w525ts14?at=1000l3V2&ct=app_tv&itscg=30200&itsct=justwatch_tv_12&playableId=tvs.sbd.9001%3A417684112,AppleTV+,-16,'us'
tt2109248,Transformers: Age of Extinction,movie,"Action, Adventure, Sci-Fi",5.6,340862.0,2014.0,tm155098,4.0,tous publics,https://tv.apple.com/fr/movie/transformers--lage-de-lextinction/umc.cmc.4uksnn7vhrglth564at4qgzyv?at=1000l3V2&ct=app_tv&itscg=30200&itsct=justwatch_tv_12&playableId=tvs.sbd.9001%3A889044299,AppleTV+,Tout public,"'us', 'cn', 'hk'"
tt2109248,Transformers: Age of Extinction,movie,"Action, Adventure, Sci-Fi",5.6,340862.0,2014.0,tm155098,4.0,tous publics,https://app.primevideo.com/detail?gti=amzn1.dv.gti.cca9f676-315a-9d4e-d428-82cc11cc75ef,Prime Video,16+,"'us', 'cn', 'hk'"
tt0212720,A.I. Artificial Intelligence,movie,"Adventure, Drama, Sci-Fi",7.2,331343.0,2001.0,tm29940,4.0,tous publics,https://app.primevideo.com/detail?gti=amzn1.dv.gti.bea9f74c-955d-9d62-4b8f-bffbd1017d09,Prime Video,13+,"'us', 'gb'"
tt0212720,A.I. Artificial Intelligence,movie,"Adventure, Drama, Sci-Fi",7.2,331343.0,2001.0,tm29940,4.0,tous publics,https://tv.apple.com/fr/movie/ai-intelligence-artificielle/umc.cmc.5jdh6ll3416xbcstxusd6su93?at=1000l3V2&ct=app_tv&itscg=30200&itsct=justwatch_tv_12&playableId=tvs.sbd.9001%3A534987358,AppleTV+,Tout public,"'us', 'gb'"
tt0077631,Grease,movie,"Comedy, Musical, Romance",7.2,314699.0,1978.0,tm17823,5.0,tous publics,https://app.primevideo.com/detail?gti=amzn1.dv.gti.66a9f705-2360-7f44-4ce1-b0fcb89d6100,Prime Video,13+,'us'
tt0077631,Grease,movie,"Comedy, Musical, Romance",7.2,314699.0,1978.0,tm17823,5.0,tous publics,https://tv.apple.com/fr/movie/grease/umc.cmc.gksebkgrk5x6h2l7k59crj59?at=1000l3V2&ct=app_tv&itscg=30200&itsct=justwatch_tv_12&playableId=tvs.sbd.9001%3A566864929,AppleTV+,Tout public,'us'
tt0783233,Atonement,movie,"Drama, Mystery, Romance",7.8,314282.0,2007.0,tm75465,5.0,tous publics,https://app.primevideo.com/detail?gti=amzn1.dv.gti.70a9f74b-3a79-8ded-948c-a852f304be26,Prime Video,16+,"'gb', 'fr', 'us'"
tt0783233,Atonement,movie,"Drama, Mystery, Romance",7.8,314282.0,2007.0,tm75465,5.0,tous publics,https://tv.apple.com/fr/movie/reviens-moi/umc.cmc.6j7p01mocybwa6b7rdlnm99ig?at=1000l3V2&ct=app_tv&itscg=30200&itsct=justwatch_tv_12&playableId=tvs.sbd.9001%3A369591595,AppleTV+,Tout public,"'gb', 'fr', 'us'"
tt0196229,Zoolander,movie,Comedy,6.5,305828.0,2001.0,tm34310,3.0,tous publics,https://tv.apple.com/fr/movie/zoolander/umc.cmc.4ofsf3iskp3g6qukf7v5iyyi9?at=1000l3V2&ct=app_tv&itscg=30200&itsct=justwatch_tv_12&playableId=tvs.sbd.9001%3A366224581,AppleTV+,Tout public,"'de', 'us', 'au'"
tt0196229,Zoolander,movie,Comedy,6.5,305828.0,2001.0,tm34310,3.0,tous publics,https://app.primevideo.com/detail?gti=amzn1.dv.gti.b7a69d5e-157c-45c8-b9b8-a5133c290953,Prime Video,13+,"'de', 'us', 'au'"
tt8332922,A Quiet Place Part II,movie,"Drama, Horror, Sci-Fi",7.2,304096.0,2020.0,tm431186,4.0,12,https://app.primevideo.com/detail?gti=amzn1.dv.gti.6887a486-e4b2-4ed0-80f4-ea6873e8335e,Prime Video,16+,'us'
tt8332922,A Quiet Place Part II,movie,"Drama, Horror, Sci-Fi",7.2,304096.0,2020.0,tm431186,4.0,12,https://tv.apple.com/fr/movie/sans-un-bruit-2/umc.cmc.1irvde08ervoxn0p1wy0vj99u?at=1000l3V2&ct=app_tv&itscg=30200&itsct=justwatch_tv_12&playableId=tvs.sbd.9001%3A1500339461,AppleTV+,-12,'us'
tt0452623,Gone Baby Gone,movie,"Crime, Drama, Mystery",7.6,302068.0,2007.0,tm81013,3.0,12,https://app.primevideo.com/detail?gti=amzn1.dv.gti.9f996aed-4a29-4c3a-9be5-9fdee732b7c6,Prime Video,18+,'us'
tt0452623,Gone Baby Gone,movie,"Crime, Drama, Mystery",7.6,302068.0,2007.0,tm81013,3.0,12,https://tv.apple.com/fr/movie/gone-baby-gone/umc.cmc.348twpqyjbyuarisb3s5upszh?at=1000l3V2&ct=app_tv&itscg=30200&itsct=justwatch_tv_12&playableId=tvs.sbd.9001%3A1532948465,AppleTV+,-16,'us'
tt1340138,Terminator Genisys,movie,"Action, Adventure, Sci-Fi",6.3,300329.0,2015.0,tm136924,3.0,tous publics avec avertissement,https://tv.apple.com/fr/movie/terminator-genisys/umc.cmc.3rhke759x7a5niahadg3xymxd?at=1000l3V2&ct=app_tv&itscg=30200&itsct=justwatch_tv_12&playableId=tvs.sbd.9001%3A1001311062,AppleTV+,Tout public,"'us', 'ca'"
tt1340138,Terminator Genisys,movie,"Action, Adventure, Sci-Fi",6.3,300329.0,2015.0,tm136924,3.0,tous publics avec avertissement,https://app.primevideo.com/detail?gti=amzn1.dv.gti.4aa9f694-469b-2cde-b68e-9f010f43b937,Prime Video,13+,"'us', 'ca'"
tt0251127,How to Lose a Guy in 10 Days,movie,"Comedy, Romance",6.5,297990.0,2003.0,tm129601,4.0,tous publics,https://app.primevideo.com/detail?gti=amzn1.dv.gti.30998a32-5de5-4b44-93c5-7c64c4df13c4,Prime Video,13+,"'us', 'de'"
tt0251127,How to Lose a Guy in 10 Days,movie,"Comedy, Romance",6.5,297990.0,2003.0,tm129601,4.0,tous publics,https://tv.apple.com/fr/movie/comment-se-faire-larguer-en-10-lecons/umc.cmc.4i564xv6vtcgqgw71k6njc98a?at=1000l3V2&ct=app_tv&itscg=30200&itsct=justwatch_tv_12&playableId=tvs.sbd.9001%3A419421385,AppleTV+,Tout public,"'us', 'de'"
tt0290002,Meet the Fockers,movie,"Comedy, Romance",6.3,295463.0,2004.0,tm91957,3.0,tous publics,https://tv.apple.com/fr/movie/mon-beau-pere-mes-parents-et-moi/umc.cmc.4vaieyzxvi2ms9zglxvvrydke?at=1000l3V2&ct=app_tv&itscg=30200&itsct=justwatch_tv_12&playableId=tvs.sbd.9001%3A417606681,AppleTV+,Tout public,'us'
tt0290002,Meet the Fockers,movie,"Comedy, Romance",6.3,295463.0,2004.0,tm91957,3.0,tous publics,https://app.primevideo.com/detail?gti=amzn1.dv.gti.bea9f71c-59d2-026d-05b1-2a097e397846,Prime Video,13+,'us'
tt0259711,Vanilla Sky,movie,"Fantasy, Mystery, Romance",6.9,294809.0,2001.0,tm34471,3.0,tous publics,https://tv.apple.com/fr/movie/vanilla-sky/umc.cmc.7h93cjxyeb5jwyj4s50hnmyb1?at=1000l3V2&ct=app_tv&itscg=30200&itsct=justwatch_tv_12&playableId=tvs.sbd.9001%3A419326704,AppleTV+,Tout public,"'us', 'es'"
tt0259711,Vanilla Sky,movie,"Fantasy, Mystery, Romance",6.9,294809.0,2001.0,tm34471,3.0,tous publics,https://app.primevideo.com/detail?gti=amzn1.dv.gti.e1c76f5d-671d-43ef-8e19-d9e3d25c579d,Prime Video,18+,"'us', 'es'"
tt0486655,Stardust,movie,"Adventure, Fantasy, Romance",7.6,292317.0,2007.0,tm84906,3.0,tous publics,https://tv.apple.com/fr/movie/stardust---le-mystere-de-letoile/umc.cmc.535568gf8g1wriibl03pf1vqo?at=1000l3V2&ct=app_tv&itscg=30200&itsct=justwatch_tv_12&playableId=tvs.sbd.9001%3A366163363,AppleTV+,Tout public,"'gb', 'us', 'is'"
tt0486655,Stardust,movie,"Adventure, Fantasy, Romance",7.6,292317.0,2007.0,tm84906,3.0,tous publics,https://app.primevideo.com/detail?gti=amzn1.dv.gti.ecabf5b0-4240-1f47-6ded-f1bf95fba4ce,Prime Video,7+,"'gb', 'us', 'is'"
tt0080339,Airplane!,movie,Comedy,7.7,273884.0,1980.0,tm100005,4.0,tous publics,https://tv.apple.com/fr/movie/y-a-t-il-un-pilote-dans-lavion/umc.cmc.6tbcbzww1yk0o99i7dmowaewj?at=1000l3V2&ct=app_tv&itscg=30200&itsct=justwatch_tv_12&playableId=tvs.sbd.9001%3A566950511,AppleTV+,Tout public,'us'
tt0080339,Airplane!,movie,Comedy,7.7,273884.0,1980.0,tm100005,4.0,tous publics,https://app.primevideo.com/detail?gti=amzn1.dv.gti.28b84e74-fa00-3dfe-836d-dc24c32bdfdb,Prime Video,13+,'us'
tt0486822,Disturbia,movie,"Crime, Drama, Mystery",6.8,264938.0,2007.0,tm76196,3.0,12,https://app.primevideo.com/detail?gti=amzn1.dv.gti.82a9f66a-f473-4325-4f94-78d9969f89b1,Prime Video,18+,'us'
tt0486822,Disturbia,movie,"Crime, Drama, Mystery",6.8,264938.0,2007.0,tm76196,3.0,12,https://tv.apple.com/fr/movie/paranoiak/umc.cmc.cupsrb3n81qqx039zxp9t4r9?at=1000l3V2&ct=app_tv&itscg=30200&itsct=justwatch_tv_12&playableId=tvs.sbd.9001%3A364923203,AppleTV+,-12,'us'
tt2660888,Star Trek Beyond,movie,"Action, Adventure, Sci-Fi",7.0,264824.0,2016.0,tm122828,3.0,tous publics,https://tv.apple.com/fr/movie/star-trek-sans-limites/umc.cmc.5wssqlk617t7jjmhn23v7q4pk?at=1000l3V2&ct=app_tv&itscg=30200&itsct=justwatch_tv_12&playableId=tvs.sbd.9001%3A1128461468,AppleTV+,Tout public,"'us', 'cn'"
tt2660888,Star Trek Beyond,movie,"Action, Adventure, Sci-Fi",7.0,264824.0,2016.0,tm122828,3.0,tous publics,https://app.primevideo.com/detail?gti=amzn1.dv.gti.08ab060b-a7e0-313b-cbe0-be43def1b744,Prime Video,13+,"'us', 'cn'"
tt0914798,The Boy in the Striped Pajamas,movie,"Drama, War",7.7,262190.0,2008.0,tm28559,4.0,12,https://tv.apple.com/fr/movie/le-garcon-au-pyjama-raye/umc.cmc.4uzdzgnfct7pxrh5lc0wv5hmy?at=1000l3V2&ct=app_tv&itscg=30200&itsct=justwatch_tv_12&playableId=tvs.sbd.9001%3A1540147194,AppleTV+,-12,"'gb', 'us'"
tt0914798,The Boy in the Striped Pajamas,movie,"Drama, War",7.7,262190.0,2008.0,tm28559,4.0,12,https://app.primevideo.com/detail?gti=amzn1.dv.gti.d2a9f6e3-9c51-b226-76fe-3493ba26f437,Prime Video,13+,"'gb', 'us'"
tt0134119,The Talented Mr. Ripley,movie,"Crime, Drama, Thriller",7.4,261315.0,1999.0,tm43808,4.0,tous publics,https://app.primevideo.com/detail?gti=amzn1.dv.gti.23d9341d-e5a1-46c3-8c02-809e6e6fa112,Prime Video,13+,'us'
tt0134119,The Talented Mr. Ripley,movie,"Crime, Drama, Thriller",7.4,261315.0,1999.0,tm43808,4.0,tous publics,https://tv.apple.com/fr/movie/le-talentueux-mr-ripley/umc.cmc.1gsk912c550nhaq4gy1fqyn9e?at=1000l3V2&ct=app_tv&itscg=30200&itsct=justwatch_tv_12&playableId=tvs.sbd.9001%3A1532949461,AppleTV+,-16,'us'
tt0117381,Primal Fear,movie,"Crime, Drama, Mystery",7.7,261017.0,1996.0,tm106239,4.0,tous publics,https://tv.apple.com/fr/movie/peur-primale/umc.cmc.2jveng0veq5hwf8ske7ci478z?at=1000l3V2&ct=app_tv&itscg=30200&itsct=justwatch_tv_12&playableId=tvs.sbd.9001%3A420620009,AppleTV+,Tout public,'us'
tt0117381,Primal Fear,movie,"Crime, Drama, Mystery",7.7,261017.0,1996.0,tm106239,4.0,tous publics,https://app.primevideo.com/detail?gti=amzn1.dv.gti.2a391a74-6292-407b-b475-de2522ad59d9,Prime Video,18+,'us'
tt0435625,The Descent,movie,"Adventure, Horror, Thriller",7.2,260181.0,2005.0,tm163646,5.0,16,https://tv.apple.com/fr/movie/the-descent/umc.cmc.l0zzcpq48kuxh49tf1nsiymb?at=1000l3V2&ct=app_tv&itscg=30200&itsct=justwatch_tv_12&playableId=tvs.sbd.9001%3A435413982,AppleTV+,-16,'gb'
tt0435625,The Descent,movie,"Adventure, Horror, Thriller",7.2,260181.0,2005.0,tm163646,5.0,16,https://app.primevideo.com/detail?gti=amzn1.dv.gti.b6b9dc94-2698-09b1-c213-7f6adce76e8b,Prime Video,16+,'gb'
tt1655442,The Artist,movie,"Comedy, Drama, Romance",7.8,252270.0,2011.0,tm174707,4.0,tous publics,https://app.primevideo.com/detail?gti=amzn1.dv.gti.b4dc1a11-751d-4663-9bbf-a4839cf8992a,Prime Video,13+,"'fr', 'be', 'us'"
tt1655442,The Artist,movie,"Comedy, Drama, Romance",7.8,252270.0,2011.0,tm174707,4.0,tous publics,https://tv.apple.com/fr/movie/the-artist/umc.cmc.3qc8s4ghdybrmxw9157be24o3?at=1000l3V2&ct=app_tv&itscg=30200&itsct=justwatch_tv_12&playableId=tvs.sbd.9001%3A500035275,AppleTV+,Tout public,"'fr', 'be', 'us'"
tt0302886,Old School,movie,Comedy,7.0,250602.0,2003.0,tm150112,3.0,tous publics,https://app.primevideo.com/detail?gti=amzn1.dv.gti.0ca9f69c-831e-44f3-f384-2ac2926cb191,Prime Video,16+,'us'
tt0302886,Old School,movie,Comedy,7.0,250602.0,2003.0,tm150112,3.0,tous publics,https://tv.apple.com/fr/movie/retour-a-la-fac/umc.cmc.1tvgf6e98f4ruweajkjj4qymh?at=1000l3V2&ct=app_tv&itscg=30200&itsct=justwatch_tv_12&playableId=tvs.sbd.9001%3A370064402,AppleTV+,Tout public,'us'
tt0408306,Munich,movie,"Drama, History, Thriller",7.5,247237.0,2005.0,tm174540,3.0,tous publics avec avertissement,https://tv.apple.com/fr/movie/munich/umc.cmc.6ilrmw0uavt4e87550hllzq54?at=1000l3V2&ct=app_tv&itscg=30200&itsct=justwatch_tv_12&playableId=tvs.sbd.9001%3A573524750,AppleTV+,Tout public,"'fr', 'ca', 'us'"
tt0408306,Munich,movie,"Drama, History, Thriller",7.5,247237.0,2005.0,tm174540,3.0,tous publics avec avertissement,https://app.primevideo.com/detail?gti=amzn1.dv.gti.76a9f69c-14b1-f440-bce8-c86e3cee786b,Prime Video,13+,"'fr', 'ca', 'us'"
tt0356150,EuroTrip,movie,Comedy,6.6,234379.0,2004.0,tm87600,3.0,,https://app.primevideo.com/detail?gti=amzn1.dv.gti.0aa9f7c0-4666-c2fe-58b7-7d84540ebabe,Prime Video,16+,'us'
tt0356150,EuroTrip,movie,Comedy,6.6,234379.0,2004.0,tm87600,3.0,,https://tv.apple.com/fr/movie/sex-trip/umc.cmc.joe4ua8s32i7di3o1bzxk5tt?at=1000l3V2&ct=app_tv&itscg=30200&itsct=justwatch_tv_12&playableId=tvs.sbd.9001%3A657273638,AppleTV+,Tout public,'us'
tt0959337,Revolutionary Road,movie,"Drama, Romance",7.3,230359.0,2008.0,tm27526,3.0,tous publics,https://app.primevideo.com/detail?gti=amzn1.dv.gti.065b8018-1c3c-4a6e-b650-82e5cc6fc9e2,Prime Video,TOUS PUBLICS,"'gb', 'us'"
tt0959337,Revolutionary Road,movie,"Drama, Romance",7.3,230359.0,2008.0,tm27526,3.0,tous publics,https://tv.apple.com/fr/movie/les-noces-rebelles/umc.cmc.2astuycdwnrklq0ibfz7g6g8c?at=1000l3V2&ct=app_tv&itscg=30200&itsct=justwatch_tv_12&playableId=tvs.sbd.9001%3A365446213,AppleTV+,Tout public,"'gb', 'us'"
tt1291150,Teenage Mutant Ninja Turtles,movie,"Action, Adventure, Comedy",5.8,225438.0,2014.0,tm145849,3.0,tous publics,https://tv.apple.com/fr/movie/ninja-turtles/umc.cmc.2at20c0yn1720wvvqurs7obyc?at=1000l3V2&ct=app_tv&itscg=30200&itsct=justwatch_tv_12&playableId=tvs.sbd.9001%3A905679475,AppleTV+,Tout public,'us'
tt1291150,Teenage Mutant Ninja Turtles,movie,"Action, Adventure, Comedy",5.8,225438.0,2014.0,tm145849,3.0,tous publics,https://app.primevideo.com/detail?gti=amzn1.dv.gti.7698bcd0-0b82-42a9-9796-4f0e0b1e5f86,Prime Video,TOUS PUBLICS,'us'
tt0086960,Beverly Hills Cop,movie,"Action, Comedy, Crime",7.4,224139.0,1984.0,tm172251,3.0,tous publics,https://tv.apple.com/fr/movie/le-flic-de-beverly-hills/umc.cmc.3o222zbl1vh6cgj0vqbzjte04?at=1000l3V2&ct=app_tv&itscg=30200&itsct=justwatch_tv_12&playableId=tvs.sbd.9001%3A405820844,AppleTV+,Tout public,'us'
tt0086960,Beverly Hills Cop,movie,"Action, Comedy, Crime",7.4,224139.0,1984.0,tm172251,3.0,tous publics,https://app.primevideo.com/detail?gti=amzn1.dv.gti.6b50907d-4e6a-4a5b-8c3d-5339ef5622ff,Prime Video,16+,'us'
tt0099810,The Hunt for Red October,movie,"Action, Adventure, Thriller",7.5,222895.0,1990.0,tm160644,3.0,tous publics,https://app.primevideo.com/detail?gti=amzn1.dv.gti.51b19173-f967-45f5-b171-2da5a8bfe728,Prime Video,7+,'us'
tt0099810,The Hunt for Red October,movie,"Action, Adventure, Thriller",7.5,222895.0,1990.0,tm160644,3.0,tous publics,https://tv.apple.com/fr/movie/a-la-poursuite-doctobre-rouge/umc.cmc.3t1zzzb5jwkr97qldoafvwxcz?at=1000l3V2&ct=app_tv&itscg=30200&itsct=justwatch_tv_12&playableId=tvs.sbd.9001%3A211292501,AppleTV+,Tout public,'us'
tt0120082,Scream 2,movie,"Horror, Mystery",6.3,222768.0,1997.0,tm192490,3.0,12,https://tv.apple.com/fr/movie/scream-2/umc.cmc.5v3zr4lk7ntx6b2gjgu54tymn?at=1000l3V2&ct=app_tv&itscg=30200&itsct=justwatch_tv_12&playableId=tvs.sbd.9001%3A1540163332,AppleTV+,-12,'us'
tt0120082,Scream 2,movie,"Horror, Mystery",6.3,222768.0,1997.0,tm192490,3.0,12,https://app.primevideo.com/detail?gti=amzn1.dv.gti.6ca9f767-38e6-a6a5-81a6-b2db24ada027,Prime Video,16+,'us'
tt1155056,"I Love You, Man",movie,"Comedy, Romance",7.0,221761.0,2009.0,tm145035,3.0,tous publics,https://app.primevideo.com/detail?gti=amzn1.dv.gti.08a9f691-207f-6548-9b8a-922399b94b36,Prime Video,16+,'us'
tt1155056,"I Love You, Man",movie,"Comedy, Romance",7.0,221761.0,2009.0,tm145035,3.0,tous publics,https://tv.apple.com/fr/movie/i-love-you-man/umc.cmc.5wjq0wgehl2g5l81xq96dxr3y?at=1000l3V2&ct=app_tv&itscg=30200&itsct=justwatch_tv_12&playableId=tvs.sbd.9001%3A365680752,AppleTV+,Tout public,'us'
tt1046173,G.I. Joe: The Rise of Cobra,movie,"Action, Adventure, Sci-Fi",5.7,218119.0,2009.0,tm151176,5.0,tous publics,https://tv.apple.com/fr/movie/gi-joe--le-reveil-du-cobra/umc.cmc.3hnw6gnire36rk19x28jptclu?at=1000l3V2&ct=app_tv&itscg=30200&itsct=justwatch_tv_12&playableId=tvs.sbd.9001%3A365635229,AppleTV+,Tout public,"'us', 'cz', 'fr'"
tt1046173,G.I. Joe: The Rise of Cobra,movie,"Action, Adventure, Sci-Fi",5.7,218119.0,2009.0,tm151176,5.0,tous publics,https://app.primevideo.com/detail?gti=amzn1.dv.gti.c0b26edf-1226-8de9-ec1d-d6823167e89f,Prime Video,TOUS PUBLICS,"'us', 'cz', 'fr'"
tt1046173,G.I. Joe: The Rise of Cobra,movie,"Action, Adventure, Sci-Fi",5.7,218119.0,2009.0,tm151176,5.0,tous publics,https://app.primevideo.com/detail?gti=amzn1.dv.gti.b41a4e20-85f7-4163-98a1-de3523546a35,Prime Video,TOUS PUBLICS,"'us', 'cz', 'fr'"
tt0119081,Event Horizon,movie,"Horror, Sci-Fi, Thriller",6.6,206071.0,1997.0,tm190727,3.0,12,https://tv.apple.com/fr/movie/event-horizon-le-vaisseau-de-lau-dela/umc.cmc.5ymhy3bzvizzaigb6u6j9vr6q?at=1000l3V2&ct=app_tv&itscg=30200&itsct=justwatch_tv_12&playableId=tvs.sbd.9001%3A611297837,AppleTV+,-12,"'gb', 'us'"
tt0119081,Event Horizon,movie,"Horror, Sci-Fi, Thriller",6.6,206071.0,1997.0,tm190727,3.0,12,https://app.primevideo.com/detail?gti=amzn1.dv.gti.f0ac6932-ee2e-b14d-a24c-8708220ebd1f,Prime Video,16+,"'gb', 'us'"
tt4701182,Bumblebee,movie,"Action, Adventure, Sci-Fi",6.7,199260.0,2018.0,tm272414,4.0,tous publics,https://app.primevideo.com/detail?gti=amzn1.dv.gti.e1f39632-6d8c-4582-b414-e1a9db0ee74d,Prime Video,7+,"'us', 'cn'"
tt4701182,Bumblebee,movie,"Action, Adventure, Sci-Fi",6.7,199260.0,2018.0,tm272414,4.0,tous publics,https://tv.apple.com/fr/movie/bumblebee/umc.cmc.2dkftkc4oiu8s11ualyjq8xd7?at=1000l3V2&ct=app_tv&itscg=30200&itsct=justwatch_tv_12&playableId=tvs.sbd.9001%3A1443900702,AppleTV+,Tout public,"'us', 'cn'"
tt0054698,Breakfast at Tiffany's,movie,"Comedy, Drama, Romance",7.5,198740.0,1961.0,tm57722,3.0,tous publics,https://app.primevideo.com/detail?gti=amzn1.dv.gti.1ea9f735-0899-eafd-6228-5e4256f3622e,Prime Video,16+,'us'
tt0054698,Breakfast at Tiffany's,movie,"Comedy, Drama, Romance",7.5,198740.0,1961.0,tm57722,3.0,tous publics,https://tv.apple.com/fr/movie/diamants-sur-canape/umc.cmc.1koujdt79icsqlz8pmpcxx1nq?at=1000l3V2&ct=app_tv&itscg=30200&itsct=justwatch_tv_12&playableId=tvs.sbd.9001%3A369851466,AppleTV+,Tout public,'us'
tt0095705,The Naked Gun: From the Files of Police Squad!,movie,"Comedy, Crime",7.6,196051.0,1988.0,tm52008,3.0,tous publics,https://tv.apple.com/fr/movie/y-a-t-il-un-flic-pour-sauver-la-reine/umc.cmc.3z4nr3yigexn6sacs1rujqowh?at=1000l3V2&ct=app_tv&itscg=30200&itsct=justwatch_tv_12&playableId=tvs.sbd.9001%3A606803219,AppleTV+,Tout public,'us'
tt0095705,The Naked Gun: From the Files of Police Squad!,movie,"Comedy, Crime",7.6,196051.0,1988.0,tm52008,3.0,tous publics,https://app.primevideo.com/detail?gti=amzn1.dv.gti.8cb85323-d61b-a987-85a5-dcc335fdab28,Prime Video,16+,'us'
tt3393786,Jack Reacher: Never Go Back,movie,"Action, Thriller",6.2,185508.0,2016.0,tm218129,3.0,tous publics avec avertissement,https://app.primevideo.com/detail?gti=amzn1.dv.gti.c4927e02-ded1-465c-afd1-b2db48b94b0c,Prime Video,13+,"'us', 'cn'"
tt3393786,Jack Reacher: Never Go Back,movie,"Action, Thriller",6.2,185508.0,2016.0,tm218129,3.0,tous publics avec avertissement,https://tv.apple.com/fr/movie/jack-reacher-never-go-back/umc.cmc.1528jlyzezydz0rj66apa2ckf?at=1000l3V2&ct=app_tv&itscg=30200&itsct=justwatch_tv_12&playableId=tvs.sbd.9001%3A1159032226,AppleTV+,Tout public,"'us', 'cn'"
tt0215129,Road Trip,movie,Comedy,6.5,183500.0,2000.0,tm24877,2.0,tous publics,https://app.primevideo.com/detail?gti=amzn1.dv.gti.58abf1da-f7de-9f9b-cc16-1112cab66c9b,Prime Video,18+,'us'
tt0215129,Road Trip,movie,Comedy,6.5,183500.0,2000.0,tm24877,2.0,tous publics,https://tv.apple.com/fr/movie/road-trip/umc.cmc.6qev9qsgroq9wg0ks397an1zq?at=1000l3V2&ct=app_tv&itscg=30200&itsct=justwatch_tv_12&playableId=tvs.sbd.9001%3A298259826,AppleTV+,Tout public,'us'
tt3794354,Sonic the Hedgehog,movie,"Action, Adventure, Comedy",6.5,181391.0,2020.0,tm374139,4.0,tous publics,https://app.primevideo.com/detail?gti=amzn1.dv.gti.2a0ae7b7-ec1e-4a7f-8e06-20faccf1586a,Prime Video,7+,"'us', 'jp', 'ca', 'gb'"
tt3794354,Sonic the Hedgehog,movie,"Action, Adventure, Comedy",6.5,181391.0,2020.0,tm374139,4.0,tous publics,https://tv.apple.com/fr/movie/sonic---le-film/umc.cmc.6gkyrgaoool7s2u24tratknbi?at=1000l3V2&ct=app_tv&itscg=30200&itsct=justwatch_tv_12&playableId=tvs.sbd.9001%3A1496058187,AppleTV+,Tout public,"'us', 'jp', 'ca', 'gb'"
tt0393162,Coach Carter,movie,"Biography, Drama, Sport",7.3,180477.0,2005.0,tm159310,4.0,tous publics,https://app.primevideo.com/detail?gti=amzn1.dv.gti.a5e03a2e-3344-4880-8d7f-2ed039713ca9,Prime Video,16+,"'us', 'de'"
tt0393162,Coach Carter,movie,"Biography, Drama, Sport",7.3,180477.0,2005.0,tm159310,4.0,tous publics,https://tv.apple.com/fr/movie/coach-carter/umc.cmc.7or04wvepbj5c36nkmblnfxt?at=1000l3V2&ct=app_tv&itscg=30200&itsct=justwatch_tv_12&playableId=tvs.sbd.9001%3A368342741,AppleTV+,Tout public,"'us', 'de'"
tt0938283,The Last Airbender,movie,"Action, Adventure, Family",3.9,178433.0,2010.0,tm101053,4.0,tous publics,https://app.primevideo.com/detail?gti=amzn1.dv.gti.fc2d8697-0969-48ee-9a27-8d78c384a082,Prime Video,TOUS PUBLICS,"'us', 'vn', 'gb', 'ca', 'dk'"
tt0938283,The Last Airbender,movie,"Action, Adventure, Family",3.9,178433.0,2010.0,tm101053,4.0,tous publics,https://tv.apple.com/fr/movie/le-dernier-maitre-de-lair/umc.cmc.46inxym2eij9z9mo8vm32ottr?at=1000l3V2&ct=app_tv&itscg=30200&itsct=justwatch_tv_12&playableId=tvs.sbd.9001%3A384239910,AppleTV+,Tout public,"'us', 'vn', 'gb', 'ca', 'dk'"
tt3371366,Transformers: The Last Knight,movie,"Action, Adventure, Sci-Fi",5.2,177925.0,2017.0,tm209527,4.0,tous publics,https://app.primevideo.com/detail?gti=amzn1.dv.gti.7fb63176-e939-4aba-9e97-e5c8eb8c060d,Prime Video,16+,"'us', 'cn', 'ca'"
tt3371366,Transformers: The Last Knight,movie,"Action, Adventure, Sci-Fi",5.2,177925.0,2017.0,tm209527,4.0,tous publics,https://tv.apple.com/fr/movie/transformers-the-last-knight/umc.cmc.4wweymvdwq3eekoolot5g1us9?at=1000l3V2&ct=app_tv&itscg=30200&itsct=justwatch_tv_12&playableId=tvs.sbd.9001%3A1245801358,AppleTV+,Tout public,"'us', 'cn', 'ca'"
tt0105793,Wayne's World,movie,"Comedy, Music",7.0,177460.0,1992.0,tm130127,3.0,tous publics,https://app.primevideo.com/detail?gti=amzn1.dv.gti.501082fa-3480-4c5c-83de-18fbee2f683a,Prime Video,13+,'us'
tt0105793,Wayne's World,movie,"Comedy, Music",7.0,177460.0,1992.0,tm130127,3.0,tous publics,https://tv.apple.com/fr/movie/waynes-world-megateuf/umc.cmc.3zt9q8owlo9qm3ycl709za4tc?at=1000l3V2&ct=app_tv&itscg=30200&itsct=justwatch_tv_12&playableId=tvs.sbd.9001%3A423678115,AppleTV+,Tout public,'us'
tt0093748,"Planes, Trains & Automobiles",movie,"Comedy, Drama",7.6,170177.0,1987.0,tm19558,3.0,tous publics,https://tv.apple.com/fr/movie/un-ticket-pour-deux/umc.cmc.46x29mt1enkbpzq9w7xrv6na6?at=1000l3V2&ct=app_tv&itscg=30200&itsct=justwatch_tv_12&playableId=tvs.sbd.9001%3A421354866,AppleTV+,Tout public,'us'
tt0093748,"Planes, Trains & Automobiles",movie,"Comedy, Drama",7.6,170177.0,1987.0,tm19558,3.0,tous publics,https://app.primevideo.com/detail?gti=amzn1.dv.gti.51bd32f7-d31d-4751-bd8e-92f9ecf90c27,Prime Video,16+,'us'
tt0464141,The Orphanage,movie,"Drama, Horror, Mystery",7.4,167417.0,2007.0,tm75931,3.0,12,https://tv.apple.com/fr/movie/lorphelinat/umc.cmc.5tqds9ov0ft0zza66x8tx2ei1?at=1000l3V2&ct=app_tv&itscg=30200&itsct=justwatch_tv_12&playableId=tvs.sbd.9001%3A411901700,AppleTV+,-12,"'es', 'mx', 'fr', 'be'"
tt0464141,The Orphanage,movie,"Drama, Horror, Mystery",7.4,167417.0,2007.0,tm75931,3.0,12,https://app.primevideo.com/detail?gti=amzn1.dv.gti.90ba08da-97e7-4b00-5995-20f3cbec945c,Prime Video,13+,"'es', 'mx', 'fr', 'be'"
tt0430105,Four Brothers,movie,"Action, Crime, Drama",6.8,163973.0,2005.0,tm184913,3.0,12,https://tv.apple.com/fr/movie/quartre-freres/umc.cmc.16x3brok79r9unm54wcc4fxlz?at=1000l3V2&ct=app_tv&itscg=30200&itsct=justwatch_tv_12&playableId=tvs.sbd.9001%3A369617580,AppleTV+,-12,'us'
tt0430105,Four Brothers,movie,"Action, Crime, Drama",6.8,163973.0,2005.0,tm184913,3.0,12,https://app.primevideo.com/detail?gti=amzn1.dv.gti.14373aa2-91e5-44cb-a0b5-e052670ef10e,Prime Video,16+,'us'
tt0159365,Cold Mountain,movie,"Adventure, Drama, Romance",7.2,160664.0,2003.0,tm134169,3.0,tous publics,https://tv.apple.com/fr/movie/retour-a-cold-mountain/umc.cmc.7d68d0grxzvzavls2qruih6oe?at=1000l3V2&ct=app_tv&itscg=30200&itsct=justwatch_tv_12&playableId=tvs.sbd.9001%3A1540148730,AppleTV+,-16,"'us', 'it', 'ro'"
tt0159365,Cold Mountain,movie,"Adventure, Drama, Romance",7.2,160664.0,2003.0,tm134169,3.0,tous publics,https://app.primevideo.com/detail?gti=amzn1.dv.gti.27a1391f-0974-4843-8eb5-5dba418d48dc,Prime Video,18+,"'us', 'it', 'ro'"
tt0335438,Starsky & Hutch,movie,"Comedy, Crime",6.1,157962.0,2004.0,tm81270,3.0,tous publics,https://tv.apple.com/fr/movie/starsky--hutch/umc.cmc.6uc6y8dqyym1ee8rogn04pkmf?at=1000l3V2&ct=app_tv&itscg=30200&itsct=justwatch_tv_12&playableId=tvs.sbd.9001%3A1540163084,AppleTV+,-12,'us'
tt0335438,Starsky & Hutch,movie,"Comedy, Crime",6.1,157962.0,2004.0,tm81270,3.0,tous publics,https://app.primevideo.com/detail?gti=amzn1.dv.gti.4764a46b-73e5-43e8-b24c-d8a752d6844e,Prime Video,16+,'us'
tt0079116,Escape from Alcatraz,movie,"Biography, Crime, Drama",7.6,156350.0,1979.0,tm67211,4.0,tous publics,https://app.primevideo.com/detail?gti=amzn1.dv.gti.4d109cfc-2b5c-4377-936f-828582fc4967,Prime Video,TOUS PUBLICS,'us'
tt0079116,Escape from Alcatraz,movie,"Biography, Crime, Drama",7.6,156350.0,1979.0,tm67211,4.0,tous publics,https://tv.apple.com/fr/movie/levade-dalcatraz/umc.cmc.3i6s6u7ooqpk55c8ipirvakik?at=1000l3V2&ct=app_tv&itscg=30200&itsct=justwatch_tv_12&playableId=tvs.sbd.9001%3A270092210,AppleTV+,Tout public,'us'
tt0421239,Red Eye,movie,Thriller,6.4,155574.0,2005.0,tm178078,4.0,tous publics,https://app.primevideo.com/detail?gti=amzn1.dv.gti.3cac37e2-ebfa-9fca-343a-60ee438c8fd8,Prime Video,16+,'us'
tt0421239,Red Eye,movie,Thriller,6.4,155574.0,2005.0,tm178078,4.0,tous publics,https://tv.apple.com/fr/movie/sous-haute-pression/umc.cmc.17bznztw0b1fehedjv08re1m8?at=1000l3V2&ct=app_tv&itscg=30200&itsct=justwatch_tv_12&playableId=tvs.sbd.9001%3A419590773,AppleTV+,-12,'us'
tt0046250,Roman Holiday,movie,"Comedy, Drama, Romance",8.0,153191.0,1953.0,tm105262,3.0,tous publics,https://app.primevideo.com/detail?gti=amzn1.dv.gti.46026acd-2285-43bb-8bf3-d92575d93bd1,Prime Video,13+,'us'
tt0046250,Roman Holiday,movie,"Comedy, Drama, Romance",8.0,153191.0,1953.0,tm105262,3.0,tous publics,https://tv.apple.com/fr/movie/vacances-romaines/umc.cmc.16nz9gsaidfzs8nq1y0m7ygl7?at=1000l3V2&ct=app_tv&itscg=30200&itsct=justwatch_tv_12&playableId=tvs.sbd.9001%3A427759098,AppleTV+,Tout public,'us'
tt0815236,She's Out of My League,movie,"Comedy, Romance",6.4,149501.0,2010.0,tm87957,3.0,tous publics,https://tv.apple.com/fr/movie/trop-belle/umc.cmc.5mck9qf4ijbic4wqrrz8goz07?at=1000l3V2&ct=app_tv&itscg=30200&itsct=justwatch_tv_12&playableId=tvs.sbd.9001%3A366176120,AppleTV+,Tout public,'us'
tt0815236,She's Out of My League,movie,"Comedy, Romance",6.4,149501.0,2010.0,tm87957,3.0,tous publics,https://app.primevideo.com/detail?gti=amzn1.dv.gti.0abb8b11-c0ad-eda5-f0a9-c472b399b7e8,Prime Video,TOUS PUBLICS,'us'
tt0092644,Beverly Hills Cop II,movie,"Action, Comedy, Crime",6.6,143546.0,1987.0,tm23820,2.0,tous publics,https://app.primevideo.com/detail?gti=amzn1.dv.gti.60a9f743-899b-a173-48c4-4b24276e25c7,Prime Video,13+,'us'
tt0092644,Beverly Hills Cop II,movie,"Action, Comedy, Crime",6.6,143546.0,1987.0,tm23820,2.0,tous publics,https://tv.apple.com/fr/movie/le-flic-de-beverly-hills-ii/umc.cmc.30v64hco4mb85h3m52u5a71pe?at=1000l3V2&ct=app_tv&itscg=30200&itsct=justwatch_tv_12&playableId=tvs.sbd.9001%3A544694690,AppleTV+,Tout public,'us'
tt0918927,Doubt,movie,"Drama, Mystery",7.5,141722.0,2008.0,tm54146,5.0,tous publics,https://app.primevideo.com/detail?gti=amzn1.dv.gti.0aabfbe6-e2b7-8098-3c28-bfba82736fba,Prime Video,13+,'us'
tt0918927,Doubt,movie,"Drama, Mystery",7.5,141722.0,2008.0,tm54146,5.0,tous publics,https://tv.apple.com/fr/movie/doute/umc.cmc.47b58k9d758kekhd8bn84rrxd?at=1000l3V2&ct=app_tv&itscg=30200&itsct=justwatch_tv_12&playableId=tvs.sbd.9001%3A1532948454,AppleTV+,-12,'us'
tt1205537,Jack Ryan: Shadow Recruit,movie,"Action, Drama, Thriller",6.2,140679.0,2014.0,tm160438,3.0,tous publics,https://tv.apple.com/fr/movie/the-ryan-initiative/umc.cmc.60abfuavgiz9j3ng0y1lc1b5m?at=1000l3V2&ct=app_tv&itscg=30200&itsct=justwatch_tv_12&playableId=tvs.sbd.9001%3A797356127,AppleTV+,Tout public,"'us', 'ru', 'gb'"
tt1205537,Jack Ryan: Shadow Recruit,movie,"Action, Drama, Thriller",6.2,140679.0,2014.0,tm160438,3.0,tous publics,https://app.primevideo.com/detail?gti=amzn1.dv.gti.e4a9f709-72d7-d3c9-4cfa-6fd74cb2ac91,Prime Video,13+,"'us', 'ru', 'gb'"
tt0117731,Star Trek: First Contact,movie,"Action, Adventure, Drama",7.6,135045.0,1996.0,tm113286,3.0,tous publics,https://tv.apple.com/fr/movie/star-trek--premier-contact/umc.cmc.4uyaqs81knrnkhbej5kjokx8w?at=1000l3V2&ct=app_tv&itscg=30200&itsct=justwatch_tv_12&playableId=tvs.sbd.9001%3A369841968,AppleTV+,Tout public,'us'
tt0117731,Star Trek: First Contact,movie,"Action, Adventure, Drama",7.6,135045.0,1996.0,tm113286,3.0,tous publics,https://app.primevideo.com/detail?gti=amzn1.dv.gti.74b2fc28-239e-b2f4-0058-6a79a2b3f0ec,Prime Video,16+,'us'
tt0084726,Star Trek II: The Wrath of Khan,movie,"Action, Adventure, Sci-Fi",7.7,132721.0,1982.0,tm44304,4.0,tous publics,https://tv.apple.com/fr/movie/star-trek-ii-la-colere-de-khan/umc.cmc.3louhyc2uuswb7fpm9n3fog51?at=1000l3V2&ct=app_tv&itscg=30200&itsct=justwatch_tv_12&playableId=tvs.sbd.9001%3A208510932,AppleTV+,Tout public,'us'
tt0084726,Star Trek II: The Wrath of Khan,movie,"Action, Adventure, Sci-Fi",7.7,132721.0,1982.0,tm44304,4.0,tous publics,https://app.primevideo.com/detail?gti=amzn1.dv.gti.62b31854-9bd3-e2fd-36c7-95968ae74a0c,Prime Video,13+,'us'
tt0164184,The Sum of All Fears,movie,"Action, Drama, Thriller",6.5,128599.0,2002.0,tm114273,2.0,tous publics,https://tv.apple.com/fr/movie/la-somme-de-toutes-les-peurs/umc.cmc.26mlopdbu6i55ut3nwmzfwcyl?at=1000l3V2&ct=app_tv&itscg=30200&itsct=justwatch_tv_12&playableId=tvs.sbd.9001%3A367774130,AppleTV+,Tout public,"'us', 'de', 'ca'"
tt0164184,The Sum of All Fears,movie,"Action, Drama, Thriller",6.5,128599.0,2002.0,tm114273,2.0,tous publics,https://app.primevideo.com/detail?gti=amzn1.dv.gti.268c465e-4b63-4eff-8b21-ce6c51af2a2d,Prime Video,13+,"'us', 'de', 'ca'"
tt0102510,The Naked Gun 2: The Smell of Fear,movie,"Comedy, Crime",6.9,127329.0,1991.0,tm8123,3.0,tous publics,https://app.primevideo.com/detail?gti=amzn1.dv.gti.f4a9f76d-b8cd-5965-3d9b-7679ef92b980,Prime Video,13+,'us'
tt0102510,The Naked Gun 2: The Smell of Fear,movie,"Comedy, Crime",6.9,127329.0,1991.0,tm8123,3.0,tous publics,https://tv.apple.com/fr/movie/y-a-t-il-un-flic-pour-sauver-le-president/umc.cmc.4p38co5oigt2pe2gpewrnd2ud?at=1000l3V2&ct=app_tv&itscg=30200&itsct=justwatch_tv_12&playableId=tvs.sbd.9001%3A272777107,AppleTV+,Tout public,'us'
tt0105112,Patriot Games,movie,"Action, Thriller",6.9,124766.0,1992.0,tm126020,3.0,tous publics,https://tv.apple.com/fr/movie/jeux-de-guerre/umc.cmc.6sc5lhl1kpz3p0rltm4ntxxvz?at=1000l3V2&ct=app_tv&itscg=30200&itsct=justwatch_tv_12&playableId=tvs.sbd.9001%3A420141344,AppleTV+,Tout public,'us'
tt0105112,Patriot Games,movie,"Action, Thriller",6.9,124766.0,1992.0,tm126020,3.0,tous publics,https://app.primevideo.com/detail?gti=amzn1.dv.gti.2ca9f744-3f3d-e05e-33d4-704cc5a76545,Prime Video,16+,'us'
tt0970866,Little Fockers,movie,"Comedy, Romance",5.5,123037.0,2010.0,tm104521,3.0,tous publics,https://tv.apple.com/fr/movie/mon-beau-pere-et-nous/umc.cmc.3pv0j0qsyo4pb5rz2e0yv8zu6?at=1000l3V2&ct=app_tv&itscg=30200&itsct=justwatch_tv_12&playableId=tvs.sbd.9001%3A417939664,AppleTV+,-10,'us'
tt0970866,Little Fockers,movie,"Comedy, Romance",5.5,123037.0,2010.0,tm104521,3.0,tous publics,https://app.primevideo.com/detail?gti=amzn1.dv.gti.4ea9f775-910a-e956-0c93-945e2dcf4f96,Prime Video,TOUS PUBLICS,'us'
tt0758746,Friday the 13th,movie,"Horror, Mystery, Thriller",5.5,121955.0,2009.0,tm141390,3.0,12 avec avertissement,https://app.primevideo.com/detail?gti=amzn1.dv.gti.5ea9f69b-d03a-19d3-d499-813bd4fff56b,Prime Video,18+,'us'
tt0758746,Friday the 13th,movie,"Horror, Mystery, Thriller",5.5,121955.0,2009.0,tm141390,3.0,12 avec avertissement,https://tv.apple.com/fr/movie/vendredi-13/umc.cmc.6wx7vc62759zdk0xczn1cn0b4?at=1000l3V2&ct=app_tv&itscg=30200&itsct=justwatch_tv_12&playableId=tvs.sbd.9001%3A613826357,AppleTV+,-12,'us'
tt0425123,Just Like Heaven,movie,"Comedy, Drama, Fantasy",6.7,121749.0,2005.0,tm169949,5.0,tous publics,https://app.primevideo.com/detail?gti=amzn1.dv.gti.48a9f669-8b09-93cd-ec19-8cf596a4a652,Prime Video,13+,'us'
tt0425123,Just Like Heaven,movie,"Comedy, Drama, Fantasy",6.7,121749.0,2005.0,tm169949,5.0,tous publics,https://tv.apple.com/fr/movie/et-si-cetait-vrai/umc.cmc.318n4tbgrf4179wv6t5mhpz6v?at=1000l3V2&ct=app_tv&itscg=30200&itsct=justwatch_tv_12&playableId=tvs.sbd.9001%3A291820710,AppleTV+,Tout public,'us'
tt0368008,The Manchurian Candidate,movie,"Drama, Mystery, Sci-Fi",6.6,120481.0,2004.0,tm80680,3.0,tous publics,https://tv.apple.com/fr/movie/un-crime-dans-la-tete/umc.cmc.2qi7kzwjes7eldkoa8975sbrs?at=1000l3V2&ct=app_tv&itscg=30200&itsct=justwatch_tv_12&playableId=tvs.sbd.9001%3A368326214,AppleTV+,Tout public,'us'
tt0368008,The Manchurian Candidate,movie,"Drama, Mystery, Sci-Fi",6.6,120481.0,2004.0,tm80680,3.0,tous publics,https://app.primevideo.com/detail?gti=amzn1.dv.gti.eaa9f75e-88d0-61f0-789b-d37a65b86dd6,Prime Video,16+,'us'
tt0106220,Addams Family Values,movie,"Comedy, Fantasy",6.8,117059.0,1993.0,tm189018,3.0,tous publics,https://tv.apple.com/fr/movie/les-valeurs-de-la-famille-addams/umc.cmc.bkrostd7qnf0ziannmjtsad7?at=1000l3V2&ct=app_tv&itscg=30200&itsct=justwatch_tv_12&playableId=tvs.sbd.9001%3A417722373,AppleTV+,Tout public,'us'
tt0106220,Addams Family Values,movie,"Comedy, Fantasy",6.8,117059.0,1993.0,tm189018,3.0,tous publics,https://app.primevideo.com/detail?gti=amzn1.dv.gti.8420b5c8-4c11-41f7-96c0-d171fbdf9cbb,Prime Video,7+,'us'
tt0110622,Naked Gun 33 1/3: The Final Insult,movie,"Comedy, Crime",6.5,116521.0,1994.0,tm112513,3.0,tous publics,https://tv.apple.com/fr/movie/y-a-t-il-un-flic-pour-sauver-hollywood-lultime-outrage/umc.cmc.53ca7ctf6g1gh25d5u4e0o9xx?at=1000l3V2&ct=app_tv&itscg=30200&itsct=justwatch_tv_12&playableId=tvs.sbd.9001%3A422507348,AppleTV+,Tout public,'us'
tt0110622,Naked Gun 33 1/3: The Final Insult,movie,"Comedy, Crime",6.5,116521.0,1994.0,tm112513,3.0,tous publics,https://app.primevideo.com/detail?gti=amzn1.dv.gti.68b7e771-df6c-563d-5b35-c494dc98b47a,Prime Video,13+,'us'
tt0088930,Clue,movie,"Comedy, Crime, Mystery",7.3,116368.0,1985.0,tm126571,3.0,tous publics,https://tv.apple.com/fr/movie/cluedo/umc.cmc.6puzo43jwqta4hmhb6341d8s9?at=1000l3V2&ct=app_tv&itscg=30200&itsct=justwatch_tv_12&playableId=tvs.sbd.9001%3A210489705,AppleTV+,Tout public,'us'
tt0088930,Clue,movie,"Comedy, Crime, Mystery",7.3,116368.0,1985.0,tm126571,3.0,tous publics,https://app.primevideo.com/detail?gti=amzn1.dv.gti.26a9f78d-5f55-0585-7449-8c654fc48937,Prime Video,7+,'us'
tt0338337,Paycheck,movie,"Action, Mystery, Sci-Fi",6.3,115434.0,2003.0,tm129271,3.0,tous publics,https://tv.apple.com/fr/movie/paycheck/umc.cmc.5lct8pk7hmvrppavn61ztboti?at=1000l3V2&ct=app_tv&itscg=30200&itsct=justwatch_tv_12&playableId=tvs.sbd.9001%3A420373415,AppleTV+,Tout public,"'us', 'ca'"
tt0338337,Paycheck,movie,"Action, Mystery, Sci-Fi",6.3,115434.0,2003.0,tm129271,3.0,tous publics,https://app.primevideo.com/detail?gti=amzn1.dv.gti.9ca9f68e-da04-5da1-f095-e44c210aad30,Prime Video,16+,"'us', 'ca'"
tt0427152,Dinner for Schmucks,movie,Comedy,5.9,113559.0,2010.0,tm89581,3.0,tous publics,https://tv.apple.com/fr/movie/the-dinner/umc.cmc.1wbb7o65oonljgr9v58ra2jh?at=1000l3V2&ct=app_tv&itscg=30200&itsct=justwatch_tv_12&playableId=tvs.sbd.9001%3A423088672,AppleTV+,Tout public,'us'
tt0427152,Dinner for Schmucks,movie,Comedy,5.9,113559.0,2010.0,tm89581,3.0,tous publics,https://app.primevideo.com/detail?gti=amzn1.dv.gti.92a9f69a-2b75-37e7-7917-6a6687e6f4c5,Prime Video,16+,'us'
tt1536044,Paranormal Activity 2,movie,"Horror, Mystery",5.7,112704.0,2010.0,tm99840,3.0,tous publics::(with warning),https://tv.apple.com/fr/movie/paranormal-activity-2/umc.cmc.6do8k5b9giatxajeuhu6fnhtx?at=1000l3V2&ct=app_tv&itscg=30200&itsct=justwatch_tv_12&playableId=tvs.sbd.9001%3A424226729,AppleTV+,Tout public,'us'
tt1536044,Paranormal Activity 2,movie,"Horror, Mystery",5.7,112704.0,2010.0,tm99840,3.0,tous publics::(with warning),https://app.primevideo.com/detail?gti=amzn1.dv.gti.64a9f668-985d-9bb5-377b-5b56a20c7988,Prime Video,16+,'us'
tt0109444,Clear and Present Danger,movie,"Action, Crime, Drama",6.9,112406.0,1994.0,tm119004,4.0,tous publics,https://tv.apple.com/fr/movie/danger-immediat/umc.cmc.7byezxxwdfz6b6x3yie85xtju?at=1000l3V2&ct=app_tv&itscg=30200&itsct=justwatch_tv_12&playableId=tvs.sbd.9001%3A417636350,AppleTV+,Tout public,"'us', 'ca'"
tt0109444,Clear and Present Danger,movie,"Action, Crime, Drama",6.9,112406.0,1994.0,tm119004,4.0,tous publics,https://app.primevideo.com/detail?gti=amzn1.dv.gti.bea9f752-1265-ae27-6fe9-6fd5ae1a15ff,Prime Video,13+,"'us', 'ca'"
tt0118887,Cop Land,movie,"Crime, Drama, Thriller",7.0,111347.0,1997.0,tm191862,3.0,tous publics,https://tv.apple.com/fr/movie/copland/umc.cmc.678xjzfgjt45suiw2mfoqpn25?at=1000l3V2&ct=app_tv&itscg=30200&itsct=justwatch_tv_12&playableId=tvs.sbd.9001%3A1540148489,AppleTV+,-16,'us'
tt0118887,Cop Land,movie,"Crime, Drama, Thriller",7.0,111347.0,1997.0,tm191862,3.0,tous publics,https://app.primevideo.com/detail?gti=amzn1.dv.gti.1aa9f704-2637-9549-fa1b-7c89411f2997,Prime Video,18+,'us'
tt0090329,Witness,movie,"Drama, Romance, Thriller",7.3,109267.0,1985.0,tm132153,3.0,tous publics,https://tv.apple.com/fr/movie/witness/umc.cmc.4mk13hhxh4lamkkira2wjmv9j?at=1000l3V2&ct=app_tv&itscg=30200&itsct=justwatch_tv_12&playableId=tvs.sbd.9001%3A420884026,AppleTV+,Tout public,'us'
tt0090329,Witness,movie,"Drama, Romance, Thriller",7.3,109267.0,1985.0,tm132153,3.0,tous publics,https://app.primevideo.com/detail?gti=amzn1.dv.gti.b6a9f672-349b-2380-d928-04dd1f14f737,Prime Video,16+,'us'
tt0345950,The SpongeBob SquarePants Movie,movie,"Adventure, Animation, Comedy",7.2,107919.0,2004.0,tm79916,4.0,tous publics,https://app.primevideo.com/detail?gti=amzn1.dv.gti.a2a9f686-dda9-0090-0369-a42aa147cdc8,Prime Video,TOUS PUBLICS,"'us', 'au', 'kr'"
tt0345950,The SpongeBob SquarePants Movie,movie,"Adventure, Animation, Comedy",7.2,107919.0,2004.0,tm79916,4.0,tous publics,https://tv.apple.com/fr/movie/bob-leponge-le-film/umc.cmc.4r2hb26y4nwd6fsdsi0r916t4?at=1000l3V2&ct=app_tv&itscg=30200&itsct=justwatch_tv_12&playableId=tvs.sbd.9001%3A367692369,AppleTV+,Tout public,"'us', 'au', 'kr'"
